CREATE DATABASE  IF NOT EXISTS `ab_enterprises` /*!40100 DEFAULT CHARACTER SET utf8mb4 COLLATE utf8mb4_0900_ai_ci */ /*!80016 DEFAULT ENCRYPTION='N' */;
USE `ab_enterprises`;
-- MySQL dump 10.13  Distrib 8.0.34, for Win64 (x86_64)
--
-- Host: localhost    Database: ab_enterprises
-- ------------------------------------------------------
-- Server version	8.0.34

/*!40101 SET @OLD_CHARACTER_SET_CLIENT=@@CHARACTER_SET_CLIENT */;
/*!40101 SET @OLD_CHARACTER_SET_RESULTS=@@CHARACTER_SET_RESULTS */;
/*!40101 SET @OLD_COLLATION_CONNECTION=@@COLLATION_CONNECTION */;
/*!50503 SET NAMES utf8 */;
/*!40103 SET @OLD_TIME_ZONE=@@TIME_ZONE */;
/*!40103 SET TIME_ZONE='+00:00' */;
/*!40014 SET @OLD_UNIQUE_CHECKS=@@UNIQUE_CHECKS, UNIQUE_CHECKS=0 */;
/*!40014 SET @OLD_FOREIGN_KEY_CHECKS=@@FOREIGN_KEY_CHECKS, FOREIGN_KEY_CHECKS=0 */;
/*!40101 SET @OLD_SQL_MODE=@@SQL_MODE, SQL_MODE='NO_AUTO_VALUE_ON_ZERO' */;
/*!40111 SET @OLD_SQL_NOTES=@@SQL_NOTES, SQL_NOTES=0 */;

--
-- Table structure for table `categories`
--

DROP TABLE IF EXISTS `categories`;
/*!40101 SET @saved_cs_client     = @@character_set_client */;
/*!50503 SET character_set_client = utf8mb4 */;
CREATE TABLE `categories` (
  `id` bigint NOT NULL AUTO_INCREMENT,
  `name` varchar(255) NOT NULL,
  `slug` varchar(255) NOT NULL,
  `url` varchar(255) NOT NULL,
  `parent_id` bigint DEFAULT NULL,
  PRIMARY KEY (`id`),
  UNIQUE KEY `UKt8o6pivur7nn124jehx7cygw5` (`name`),
  UNIQUE KEY `UKoul14ho7bctbefv8jywp5v3i2` (`slug`),
  KEY `FKsaok720gsu4u2wrgbk10b5n8d` (`parent_id`),
  CONSTRAINT `FKsaok720gsu4u2wrgbk10b5n8d` FOREIGN KEY (`parent_id`) REFERENCES `categories` (`id`)
) ENGINE=InnoDB AUTO_INCREMENT=81 DEFAULT CHARSET=utf8mb4 COLLATE=utf8mb4_0900_ai_ci;
/*!40101 SET character_set_client = @saved_cs_client */;

--
-- Dumping data for table `categories`
--

LOCK TABLES `categories` WRITE;
/*!40000 ALTER TABLE `categories` DISABLE KEYS */;
INSERT INTO `categories` VALUES (1,'Industrial Chemicals','industrial-chemicals','/industrial-chemicals.html',NULL),(2,'Industrial Chemical','industrial-chemical','/industrial-chemical.html',NULL),(3,'Laboratory Chemical','laboratory-chemical','/laboratory-chemical.html',NULL),(4,'Chemical Compound','chemical-compound','/chemical-compound.html',NULL),(5,'Chemicals Compound','chemicals-compound','/chemicals-compound.html',NULL),(6,'Speciality Chemical','speciality-chemical','/speciality-chemical.html',NULL),(7,'Speciality Chemicals','specialitychemical','/specialitychemical.html',NULL),(8,'Specialities Chemicals','specialities-chemicals','/specialities-chemicals.html',NULL),(9,'Water Treatment Chemicals','water-treatment-chemicals','/water-treatment-chemicals.html',NULL),(10,'Miscellaneous Chemicals','miscellaneous-chemicals','/miscellaneous-chemicals.html',NULL),(11,'Solvents','solvents','/solvents.html',NULL),(12,'Cosmetic Chemicals','cosmetic-chemicals','/cosmetic-chemicals.html',NULL),(13,'Pharmaceutical Ingredients','pharmaceutical-ingredients','/pharmaceutical-ingredients.html',NULL),(14,'Snow Powder','snow-powder','/snow-powder.html',NULL),(15,'General Chemical','general-chemical','/general-chemical.html',NULL),(16,'Chloro Alkylamines','chloro-alkylamines','/chloro-alkylamines.html',NULL),(17,'Logistic Services','logistic-services','/logistic-services.html',NULL),(18,'Azetidine Derivatives','azetidine-derivatives','/azetidine-derivatives.html',NULL),(19,'Anthranilamide Derivatives','anthranilamide-derivatives','/anthranilamide-derivatives.html',NULL),(20,'Benzyl Alcohols','benzyl-alcohols','/benzyl-alcohols.html',NULL),(21,'O-Phenylene Diamine Derivatives','o-phenylene-diamine-derivatives','/o-phenylene-diamine-derivatives.html',NULL),(22,'Aluminium Chlorohydrate','aluminium-chlorohydrate','/aluminium-chlorohydrate.html',NULL),(23,'Food Chemical','food-chemical','/food-chemical.html',NULL),(24,'Benzyl Chlorides','benzyl-chlorides','/benzyl-chlorides.html',NULL),(25,'Porphyrine','porphyrine','/porphyrine.html',NULL),(26,'Sweeteners And Polyols','sweeteners-and-polyols','/sweeteners-and-polyols.html',NULL),(27,'Benzene','benzene','/benzene.html',NULL),(28,'Additives And Ingredients','additives-and-ingredients','/additives-and-ingredients.html',NULL),(29,'Casno','casno','/casno.html',NULL),(30,'Pharmaceuticals Tablet','pharmaceuticals-tablet','/pharmaceuticals-tablet.html',NULL),(31,'Moisture Absorber','moisture-absorber','/moisture-absorber.html',NULL),(32,'Fluoro Specialities','fluoro-specialities','/fluoro-specialities.html',NULL),(33,'Indoles','indoles','/indoles.html',NULL),(34,'Isonitrile Derivatives','isonitrile-derivatives','/isonitrile-derivatives.html',NULL),(35,'Chemical Powder','chemical-powder','/chemical-powder.html',NULL),(36,'Pharmaceutical Injection','pharmaceutical-injection','/pharmaceutical-injection.html',NULL),(37,'Tricyclic Derivatives','tricyclic-derivatives','/tricyclic-derivatives.html',NULL),(38,'Pharmaceutical Chemicals','pharmaceutical-chemicals','/pharmaceutical-chemicals.html',NULL),(39,'Active Pharmaceutical Ingredients','active-pharmaceutical-ingredients','/active-pharmaceutical-ingredients.html',NULL),(40,'Chlorine Dioxide','chlorine-dioxide','/chlorine-dioxide.html',NULL),(41,'Cyclo Alkanes','cyclo-alkanes','/cyclo-alkanes.html',NULL),(42,'Culture Media','culture-media','/culture-media.html',NULL),(43,'Pyridines','pyridines','/pyridines.html',NULL),(44,'Physical Properties Of Pure Product','physical-properties-of-pure-product','/physical-properties-of-pure-product.html',NULL),(45,'Chloramine T','chloramine-t','/chloramine-t.html',NULL),(46,'Fertilizer','fertilizer','/fertilizer.html',NULL),(47,'Hexamine','hexamine','/hexamine.html',NULL),(48,'Titanates','titanates','/titanates.html',NULL),(49,'Pyridine','pyridine','/pyridine.html',NULL),(50,'Iron Protein Compound','iron-protein-compound','/iron-protein-compound.html',NULL),(51,'Test Kits','test-kits','/test-kits.html',NULL),(52,'Rapid Test Antibodies','rapid-test-antibodies','/rapid-test-antibodies.html',NULL),(53,'Pharmaceutical Capsules','pharmaceutical-capsules','/pharmaceutical-capsules.html',NULL),(54,'Boronic acids and Pinacol Esters','boronic-acids-and-pinacol-esters','/boronic-acids-and-pinacol-esters.html',NULL),(55,'Essential Oil','essential-oil','/essential-oil.html',NULL),(56,'Solvents & Chemicals','solvents-chemicals','/solvents-chemicals.html',NULL),(57,'Gluconic Acid','gluconic-acid','/gluconic-acid.html',NULL),(58,'Agriculture Fungicide','agriculture-fungicide','/agriculture-fungicide.html',NULL),(59,'Textile Chemicals','textile-chemicals','/textile-chemicals.html',NULL),(60,'EDTA','edta','/edta.html',NULL),(61,'Lipid Chemicals','lipid-chemicals','/lipid-chemicals.html',NULL),(62,'Nitric Acid','nitric-acid','/nitric-acid.html',NULL),(63,'Industrial Acids','industrial-acids','/industrial-acids.html',NULL),(64,'Bio Pesticide','bio-pesticide','/bio-pesticide.html',NULL),(65,'Edible Oils','edible-oils','/edible-oils.html',NULL),(66,'Metal Powders','metal-powders','/metal-powders.html',NULL),(67,'Ammonia','ammonia','/ammonia.html',NULL),(68,'Api Powder','api-powder','/api-powder.html',NULL),(69,'Drug Intermediate','drug-intermediate','/drug-intermediate.html',NULL),(70,'Anti Histamine','anti-histamine','/anti-histamine.html',NULL),(71,'Reactive Dye','reactive-dye','/reactive-dye.html',NULL),(72,'Nickel Alloy Products','nickel-alloy-products','/nickel-alloy-products.html',NULL),(73,'Natural Mineral','natural-mineral','/natural-mineral.html',NULL),(74,'Stearic Acid','stearic-acid','/stearic-acid.html',NULL),(75,'New Items','new-items','/new-items.html',NULL);
/*!40000 ALTER TABLE `categories` ENABLE KEYS */;
UNLOCK TABLES;

--
-- Table structure for table `contact_request`
--

DROP TABLE IF EXISTS `contact_request`;
/*!40101 SET @saved_cs_client     = @@character_set_client */;
/*!50503 SET character_set_client = utf8mb4 */;
CREATE TABLE `contact_request` (
  `id` bigint NOT NULL AUTO_INCREMENT,
  `country_code` varchar(255) DEFAULT NULL,
  `created_at` datetime(6) DEFAULT NULL,
  `mobile_number` varchar(255) DEFAULT NULL,
  `product_id` bigint DEFAULT NULL,
  `complete` bit(1) NOT NULL,
  PRIMARY KEY (`id`)
) ENGINE=InnoDB AUTO_INCREMENT=5 DEFAULT CHARSET=utf8mb4 COLLATE=utf8mb4_0900_ai_ci;
/*!40101 SET character_set_client = @saved_cs_client */;

--
-- Dumping data for table `contact_request`
--

LOCK TABLES `contact_request` WRITE;
/*!40000 ALTER TABLE `contact_request` DISABLE KEYS */;
INSERT INTO `contact_request` VALUES (1,NULL,'2025-12-08 01:01:13.472366','+919237463682',NULL,_binary '\0'),(2,NULL,'2025-12-08 01:08:01.884305','+919756355744',NULL,_binary ''),(3,NULL,'2025-12-08 01:09:30.942194','+919867444744',NULL,_binary ''),(4,'+91','2025-12-08 01:13:31.343616','+918756473644',170,_binary '');
/*!40000 ALTER TABLE `contact_request` ENABLE KEYS */;
UNLOCK TABLES;

--
-- Table structure for table `products`
--

DROP TABLE IF EXISTS `products`;
/*!40101 SET @saved_cs_client     = @@character_set_client */;
/*!50503 SET character_set_client = utf8mb4 */;
CREATE TABLE `products` (
  `id` bigint NOT NULL AUTO_INCREMENT,
  `anchor` varchar(255) DEFAULT NULL,
  `cas_number` varchar(255) DEFAULT NULL,
  `category_name` varchar(255) DEFAULT NULL,
  `description` varchar(2000) DEFAULT NULL,
  `image_url` varchar(255) DEFAULT NULL,
  `slug` varchar(255) DEFAULT NULL,
  `title` varchar(255) NOT NULL,
  `category_id` bigint DEFAULT NULL,
  PRIMARY KEY (`id`),
  KEY `FKog2rp4qthbtt2lfyhfo32lsw9` (`category_id`),
  CONSTRAINT `FKog2rp4qthbtt2lfyhfo32lsw9` FOREIGN KEY (`category_id`) REFERENCES `categories` (`id`)
) ENGINE=InnoDB AUTO_INCREMENT=199 DEFAULT CHARSET=utf8mb4 COLLATE=utf8mb4_0900_ai_ci;
/*!40101 SET character_set_client = @saved_cs_client */;

--
-- Dumping data for table `products`
--

LOCK TABLES `products` WRITE;
/*!40000 ALTER TABLE `products` DISABLE KEYS */;
INSERT INTO `products` VALUES (1,NULL,'26774-88-9','Industrial Chemicals','High purity chemical for research and industrial use.','/images/product_1.jpg',NULL,'R -2-Amino-2-(Cyclohexa-1,4-Dien-1-yl)Acetic Acid',NULL),(2,NULL,'-','Laboratory Chemical','Speciality reagent used in glycosylation reactions.','/images/product_2.jpg',NULL,'2-acetamido-2-deoxy-alpha-d- Glucopyranosylchloride-3,4,6- Triacetate',NULL),(3,NULL,'-','Pharmaceutical Ingredients','Intermediate used in pharmaceutical synthesis.','/images/product_3.jpg',NULL,'(4s)-4-(Aminomethyl)-1,3-Oxazolidin-2-One, 1hydrochloride Salt',NULL),(4,NULL,'-','Speciality Chemicals','Biological reagent for immunoassays.','/images/product_4.jpg',NULL,'Anti-Human Igg (Gama-Chain Specific)-Fitc',NULL),(5,'#r-2-amino-2-cyclohexa-1-4-dien-1-yl-acetic-acid',NULL,'Industrial Chemicals',NULL,'/images/product_5.jpg','r-2-amino-2-cyclohexa-1-4-dien-1-yl-acetic-acid','R -2-Amino-2-(Cyclohexa-1,4-Dien-1-yl)Acetic Acid',1),(6,'#2-acetamido-2-deoxy-alpha-d-glucopyranosylchloride-3-4-6-triacetate',NULL,'Industrial Chemicals',NULL,'/images/product_6.jpg','2-acetamido-2-deoxy-alpha-d-glucopyranosylchloride-3-4-6-triacetate','2-acetamido-2-deoxy-alpha-d- Glucopyranosylchloride-3,4,6- Triacetate',1),(7,'#1-aminocyclohexane-carboxylic-acid-hydrochloride',NULL,'Industrial Chemical',NULL,'/images/product_7.jpg','1-aminocyclohexane-carboxylic-acid-hydrochloride','1-Aminocyclohexane Carboxylic Acid Hydrochloride',2),(8,'#allylmagnesium-bromide-solution-1-0m-in-diethyl-ether',NULL,'Industrial Chemical',NULL,'/images/product_8.jpg','allylmagnesium-bromide-solution-1-0m-in-diethyl-ether','Allylmagnesium Bromide Solution (1.0m In Diethyl Ether)',2),(9,'#4r-cis-1-1-dimethyl-ethyl-6-2-aminoethyl2-2-dimethyl-1-3-dioxane-4-acetate',NULL,'Industrial Chemical',NULL,'/images/product_9.jpg','4r-cis-1-1-dimethyl-ethyl-6-2-aminoethyl2-2-dimethyl-1-3-dioxane-4-acetate','(4r Cis)-1,1-Dimethyl Ethyl-6,-2-Aminoethyl2,2-Dimethyl-1,3-Dioxane-4-Acetate',2),(10,'#4-4-amino-2-trifluoromethylphenyl-piperazine-1-carboxylic-acid-tert-butyl-ester',NULL,'Laboratory Chemical',NULL,'/images/product_10.jpg','4-4-amino-2-trifluoromethylphenyl-piperazine-1-carboxylic-acid-tert-butyl-ester','4,4-AMINO-2-TRIFLUOROMETHYLPHENYL PIPERAZINE-1-CARBOXYLIC ACID tert BUTYL ESTER',3),(11,'#2r-2-amino-2-3-methyl-1-2-4-oxadiazole-5-yl-ethanol-1hydrochloride-salt',NULL,'Laboratory Chemical',NULL,'/images/product_11.jpg','2r-2-amino-2-3-methyl-1-2-4-oxadiazole-5-yl-ethanol-1hydrochloride-salt','(2r)-2-Amino-2-(3-Methyl-1,2,4-Oxadiazole-5-Yl)Ethanol, 1hydrochloride Salt',3),(12,'#n-4amino-benzoyl-l-glutamic-acid-diethyl-ester',NULL,'Chemical Compound',NULL,'/images/product_12.jpg','n-4amino-benzoyl-l-glutamic-acid-diethyl-ester','N-4amino-Benzoyl-l-Glutamic Acid Diethyl Ester',4),(13,'#n-biotinyl-3-6-dioxaoctane-1-8-diamine-trifluoroacetate-salt-solution',NULL,'Chemical Compound',NULL,'/images/product_13.jpg','n-biotinyl-3-6-dioxaoctane-1-8-diamine-trifluoroacetate-salt-solution','N-Biotinyl-3,6-Dioxaoctane-1,8-Diamine Trifluoroacetate Salt Solution',4),(14,'#n-a-benzoyl-l-arginine-7-amido-4-methyl-coumarin-hydrochloride',NULL,'Chemical Compound',NULL,'/images/product_14.jpg','n-a-benzoyl-l-arginine-7-amido-4-methyl-coumarin-hydrochloride','N-a-benzoyl-l-arginine-7-amido-4-methyl Coumarin Hydrochloride',4),(15,'#2-4-amino-5-methoxy-2-methylphenylsulfonylethylhydrogen-sulfate',NULL,'Chemicals Compound',NULL,'/images/product_15.jpg','2-4-amino-5-methoxy-2-methylphenylsulfonylethylhydrogen-sulfate','2,4-Amino-5-Methoxy-2-Methylphenylsulfonylethylhydrogen Sulfate',5),(16,'#2r-3r-4r-5s-5-4-benzamido-2-oxopyrimidin-1-yl-3-benzoyloxy-4-fluoro-4-methyloxolan-2-yl-methyl-benzoate',NULL,'Chemicals Compound',NULL,'/images/product_16.jpg','2r-3r-4r-5s-5-4-benzamido-2-oxopyrimidin-1-yl-3-benzoyloxy-4-fluoro-4-methyloxolan-2-yl-methyl-benzoate','(2r,3r,4r,5s)-5-4-Benzamido-2-Oxopyrimidin-1-Yl-3-Benzoyloxy-4-Fluoro-4- Methyloxolan-2-Yl Methyl Benzoate',5),(17,'#bis-2-2-6-6-tetramethylpiperidinyl-zinc-lithium-chloride-magnesium-chloride-complex-solution-in-thf-toluene',NULL,'Chemicals Compound',NULL,'/images/product_17.jpg','bis-2-2-6-6-tetramethylpiperidinyl-zinc-lithium-chloride-magnesium-chloride-complex-solution-in-thf-toluene','Bis(2,2,6,6-Tetramethylpiperidinyl)Zinc, Lithium Chloride, Magnesium Chloride Complex Solution In Thf/Toluene',5),(18,'#anti-mouse-igg-fc-specific-peroxidase-antibody-produced-in-goat',NULL,'Speciality Chemical',NULL,'/images/product_18.jpg','anti-mouse-igg-fc-specific-peroxidase-antibody-produced-in-goat','Anti-Mouse Igg(Fc Specific)-Peroxidase, Antibody Produced In Goat',6),(19,'#r-4-4-bromophenyl-3-tert-butoxycarbonyl-amino-butanoic-acid-boc-d-b-ho-phe-h-b-r-oh',NULL,'Speciality Chemical',NULL,'/images/product_19.jpg','r-4-4-bromophenyl-3-tert-butoxycarbonyl-amino-butanoic-acid-boc-d-b-ho-phe-h-b-r-oh','(R)-4-4-Bromophenyl-3-Tert-Butoxycarbonyl Amino Butanoic Acid (BOC-D-B-ho-PHE-H-B(R)-OH)',6),(20,'#3-amino-5-methoxycarbonylphenylboronic-acid',NULL,'Speciality Chemical',NULL,'/images/product_20.jpg','3-amino-5-methoxycarbonylphenylboronic-acid','3-AMINO-5-METHOXYCARBONYLPHENYLBORONIC ACID',6),(21,'#1-2-amino-1-4-methoxyphenylethyl-cyclohexanol-hydrochloride',NULL,'Speciality Chemicals',NULL,'/images/product_21.jpg','1-2-amino-1-4-methoxyphenylethyl-cyclohexanol-hydrochloride','1,2-Amino-1,4-Methoxyphenylethyl Cyclohexanol Hydrochloride',7),(22,'#2-2-dimethyl-3-2-chloro-3-3-3-trifluoropropenyl-cyclopropane-carboxylic-acid',NULL,'Speciality Chemicals',NULL,'/images/product_22.jpg','2-2-dimethyl-3-2-chloro-3-3-3-trifluoropropenyl-cyclopropane-carboxylic-acid','2,2-Dimethyl-3,2-Chloro,3,3,3-Trifluoropropenyl Cyclopropane Carboxylic Acid',7),(23,'#2-amino-4-methoxyacetophenone-hydrochloride',NULL,'Speciality Chemicals',NULL,'/images/product_23.jpg','2-amino-4-methoxyacetophenone-hydrochloride','2-Amino-4\'\'-Methoxyacetophenone Hydrochloride',7),(24,'#5-bromo-4-chloro-3-indolyl-b-d-glucuronide-cyclohexyl-ammonium-salt-x-glucuro-cha-salt',NULL,'Specialities Chemicals',NULL,'/images/product_24.jpg','5-bromo-4-chloro-3-indolyl-b-d-glucuronide-cyclohexyl-ammonium-salt-x-glucuro-cha-salt','5-Bromo-4-Chloro-3-Indolyl-B-D-Glucuronide Cyclohexyl Ammonium Salt  (X- Glucuro  Cha Salt)',8),(25,'#2r-4s-5-1-1-biphenyl-4-yl-4-tert-butoxycarbonyl-amino-2-methylpentan',NULL,'Specialities Chemicals',NULL,'/images/product_25.jpg','2r-4s-5-1-1-biphenyl-4-yl-4-tert-butoxycarbonyl-amino-2-methylpentan','(2r,4s)-5-([1,1\'\'-Biphenyl]-4-Yl)-4-((Tert-Butoxycarbonyl)Amino)-2-Methylpentan',8),(26,'#5-chloro-thiophine-2-carboxylic-acid',NULL,'Specialities Chemicals',NULL,'/images/product_26.jpg','5-chloro-thiophine-2-carboxylic-acid','5- Chloro Thiophine 2- Carboxylic Acid',8),(27,'#l-acetylglutamic-acid-salt-of-s-3-methyl-1-2-piperidinophenyl-1-butylamine',NULL,'Water Treatment Chemicals',NULL,'/images/product_27.jpg','l-acetylglutamic-acid-salt-of-s-3-methyl-1-2-piperidinophenyl-1-butylamine','L-(+)-Acetylglutamic Acid Salt Of S(+)- 3-methyl-1-(2-piperidinophenyl)-1- Butylamine',9),(28,'#4-allyl-3-2-pyridyl-4-5-dihydro-1h-1-2-4-triazole-5-thione',NULL,'Water Treatment Chemicals',NULL,'/images/product_28.jpg','4-allyl-3-2-pyridyl-4-5-dihydro-1h-1-2-4-triazole-5-thione','4-Allyl-3,2-Pyridyl-4,5-Dihydro-1h-1,2,4-Triazole-5-Thione',9),(29,'#2-acetamido-5-fluorobenzoic-acid',NULL,'Miscellaneous Chemicals',NULL,'/images/product_29.jpg','2-acetamido-5-fluorobenzoic-acid','2-acetamido-5- Fluorobenzoic Acid',10),(30,'#alizarin-3-methylamine-n-n-diacetic-acid',NULL,'Miscellaneous Chemicals',NULL,'/images/product_30.jpg','alizarin-3-methylamine-n-n-diacetic-acid','Alizarin-3-methylamine- N,n,-diacetic Acid',10),(31,'#2-4-dimethylamino-phenyl-3-6-dimethylbenzo-d-thiazol-3-ium-chloride',NULL,'Solvents',NULL,'/images/product_31.jpg','2-4-dimethylamino-phenyl-3-6-dimethylbenzo-d-thiazol-3-ium-chloride','2-(4-(Dimethylamino)Phenyl)-3,6-Dimethylbenzo[D]Thiazol-3-Ium Chloride',11),(32,'#4-2-3-dichlorophenyl-2-6-dimethyl-1-4-dihydroxypyridine-3-5-dicarboxylic-acid-mono-methyl-ester',NULL,'Solvents',NULL,'/images/product_32.jpg','4-2-3-dichlorophenyl-2-6-dimethyl-1-4-dihydroxypyridine-3-5-dicarboxylic-acid-mono-methyl-ester','4-(2,3-Dichlorophenyl)-2,6-Dimethyl-1,4-Dihydroxypyridine-3,5-Dicarboxylic Acid Mono Methyl Ester',11),(33,'#alkyl-c12-16-dimethylamine-farmin-dm-2465',NULL,'Solvents',NULL,'/images/product_33.jpg','alkyl-c12-16-dimethylamine-farmin-dm-2465','Alkyl(C12-16)Dimethylamine (Farmin Dm 2465)',11),(34,'#n-n-bis-r-1-phenylethyldibenzo-d-f-1-3-2-dioxaphospheoin-6-amine',NULL,'Cosmetic Chemicals',NULL,'/images/product_34.jpg','n-n-bis-r-1-phenylethyldibenzo-d-f-1-3-2-dioxaphospheoin-6-amine','N,N-Bis-R-1-Phenylethyldibenzo-D,F-1,3,2-Dioxaphospheoin-6-Amine',12),(35,'#1-4-amino-3-fluorophenyl-pyridin-2-1h-one',NULL,'Cosmetic Chemicals',NULL,'/images/product_35.jpg','1-4-amino-3-fluorophenyl-pyridin-2-1h-one','1,4-AMINO-3-FLUOROPHENYL PYRIDIN 2(1H)-ONE',12),(36,'#s-2-amino-3-4-iodophenyl-propionamide',NULL,'Cosmetic Chemicals',NULL,'/images/product_36.jpg','s-2-amino-3-4-iodophenyl-propionamide','S 2-Amino-3- 4 Iodophenyl Propionamide',12),(37,'#s-2-2-dimethyl-1-3-dioxolane-4-carboxylic-acid-potassium-salt',NULL,'Pharmaceutical Ingredients',NULL,'/images/product_37.jpg','s-2-2-dimethyl-1-3-dioxolane-4-carboxylic-acid-potassium-salt','(S)-2,2-Dimethyl-(1,3)Dioxolane-4-Carboxylic Acid Potassium Salt',13),(38,'#2-2-amino-4-thiazolyl-2-methoxyiminoacetic-thiobenzothiazole',NULL,'Pharmaceutical Ingredients',NULL,'/images/product_38.jpg','2-2-amino-4-thiazolyl-2-methoxyiminoacetic-thiobenzothiazole','2-(2-Amino-4-Thiazolyl)-2-Methoxyiminoacetic, Thiobenzothiazole',13),(39,'#4-amino-3-bromo-benzoic-acid',NULL,'Pharmaceutical Ingredients',NULL,'/images/product_39.jpg','4-amino-3-bromo-benzoic-acid','4-Amino-3-Bromo Benzoic Acid',13),(40,'#1r-1-4-aminomethyl-phenyl-2-2-difluoroethanol-1hydrochloride-salt',NULL,'Snow Powder',NULL,'/images/product_40.jpg','1r-1-4-aminomethyl-phenyl-2-2-difluoroethanol-1hydrochloride-salt','(1r)-1-(4-Aminomethyl)Phenyl)-2,2-Difluoroethanol, 1hydrochloride Salt',14),(41,'#o-1h-benzotriazole-1-yl-nnnn-tetramethyluronium-tetrafluoro-borate',NULL,'Snow Powder',NULL,NULL,'o-1h-benzotriazole-1-yl-nnnn-tetramethyluronium-tetrafluoro-borate','O-(1h- Benzotriazole-1-yl)nnnn-tetramethyluronium Tetrafluoro Borate',14),(42,'#di-1-adamantyl-butylphosphine-2-2-amino-1-1-biphenyl-palladium-ii-methanesulfonate',NULL,'Snow Powder',NULL,NULL,'di-1-adamantyl-butylphosphine-2-2-amino-1-1-biphenyl-palladium-ii-methanesulfonate','[(Di(1-Adamantyl)-Butylphosphine)-2-(2-Amino-1,1-Biphenyl)]Palladium(Ii)Methanesulfonate',14),(43,'#2-amino-2-hydroxymethyl-propane-1-3-diol-acetate-salt',NULL,'General Chemical',NULL,NULL,'2-amino-2-hydroxymethyl-propane-1-3-diol-acetate-salt','2-Amino-2-Hydroxymethyl)Propane-1-,3-Diol Acetate Salt',15),(44,'#4-r-cis-6-1-1dimethyl-6-cyanomethyl-2-2-dimethyl-1-3-dioxane-4-acetate-ats-8',NULL,'General Chemical',NULL,NULL,'4-r-cis-6-1-1dimethyl-6-cyanomethyl-2-2-dimethyl-1-3-dioxane-4-acetate-ats-8','(4-R-Cis)-6-1-1dimethyl-6-Cyanomethyl-2,2-Dimethyl-1,3-Dioxane-4-Acetate  Ats-8',15),(45,'#2-acetamido-5-fluorobenzoic-acid',NULL,'General Chemical',NULL,NULL,'2-acetamido-5-fluorobenzoic-acid','2-acetamido-5- Fluorobenzoic Acid',15),(46,'#bis-tricyclohexylphosphine-benzylidene-ruthenium-iv-dichloride',NULL,'Chloro Alkylamines',NULL,NULL,'bis-tricyclohexylphosphine-benzylidene-ruthenium-iv-dichloride','BIS(TRICYCLOHEXYLPHOSPHINE) BENZYLIDENE RUTHENIUM(IV) DICHLORIDE',16),(47,'#3-aminocyclohexane-carboxylic-acid',NULL,'Chloro Alkylamines',NULL,NULL,'3-aminocyclohexane-carboxylic-acid','3-Aminocyclohexane Carboxylic Acid',16),(48,'#adenosine-amine-congener',NULL,'Logistic Services',NULL,NULL,'adenosine-amine-congener','Adenosine Amine Congener',17),(49,'#3-acetylphenyl-isocyanate',NULL,'Logistic Services',NULL,NULL,'3-acetylphenyl-isocyanate','3-Acetylphenyl Isocyanate',17),(50,'#2-biphenylcarboxaldehyde',NULL,'Logistic Services',NULL,NULL,'2-biphenylcarboxaldehyde','2-Biphenylcarboxaldehyde',17),(51,'#o-benzotriazole-1-yl-n-n-nn-tetramethyluronium-hexafluorophosphate',NULL,'Azetidine Derivatives',NULL,NULL,'o-benzotriazole-1-yl-n-n-nn-tetramethyluronium-hexafluorophosphate','O-(Benzotriazole-1-Yl)-N,N,N\'\'N\'\'-Tetramethyluronium Hexafluorophosphate',18),(52,'#o-benzotriazol-1-yl-n-n-n-n-tetramethyluronium-tetrafluoroborate',NULL,'Azetidine Derivatives',NULL,NULL,'o-benzotriazol-1-yl-n-n-n-n-tetramethyluronium-tetrafluoroborate','O-Benzotriazol-1-Yl-N,N,N,N-Tetramethyluronium Tetrafluoroborate',18),(53,'#bis-2-oxo-3-oxazolidinyl-phosphinic-chloride',NULL,'Azetidine Derivatives',NULL,NULL,'bis-2-oxo-3-oxazolidinyl-phosphinic-chloride','BIS (2-oxo-3-oxazolidinyl)Phosphinic Chloride',18),(54,'#3-dimethylaminomethyl-1-2-3-9-tetrahydro-9-methyl4hcarbazole-4-onehydrochloride',NULL,'Anthranilamide Derivatives',NULL,NULL,'3-dimethylaminomethyl-1-2-3-9-tetrahydro-9-methyl4hcarbazole-4-onehydrochloride','3-Dimethylaminomethyl 1,2,3,9-Tetrahydro 9-Methyl4hcarbazole 4-Onehydrochloride',19),(55,'#4-aminomethyl-5-methyl-2-4-dihydro-3h-pyrazol-3-one-hydrochloride',NULL,'Anthranilamide Derivatives',NULL,NULL,'4-aminomethyl-5-methyl-2-4-dihydro-3h-pyrazol-3-one-hydrochloride','4-(Aminomethyl)-5-Methyl-2,4-Dihydro-3h-Pyrazol-3-One Hydrochloride',19),(56,'#2-deoxy-2-2-difluoro-d-erythro-pentofuranous-1-ulose-3-5-dibenzoate',NULL,'Anthranilamide Derivatives',NULL,NULL,'2-deoxy-2-2-difluoro-d-erythro-pentofuranous-1-ulose-3-5-dibenzoate','2-Deoxy-2,2-Difluoro-D-Erythro-Pentofuranous-1-Ulose-3,5-Dibenzoate',19),(57,'#4-chlorobutyronitrile-cas-no-628-20-6',NULL,'Benzyl Alcohols',NULL,NULL,'4-chlorobutyronitrile-cas-no-628-20-6','4-Chlorobutyronitrile CAS No. 628-20-6.',20),(58,'#2-acetamido-5-fluorobenzoic-acid',NULL,'Benzyl Alcohols',NULL,NULL,'2-acetamido-5-fluorobenzoic-acid','2-acetamido-5- Fluorobenzoic Acid',20),(59,'#4-4-azobis-4-cyanovaleric-acid-98-cont-ca-18-water',NULL,'O-Phenylene Diamine Derivatives',NULL,NULL,'4-4-azobis-4-cyanovaleric-acid-98-cont-ca-18-water','4,4-Azobis(4-Cyanovaleric Acid)98% Cont. Ca 18%Water',21),(60,'#2-amino-4-imino-2-thiazoline-hydrochloride',NULL,'Aluminium Chlorohydrate',NULL,NULL,'2-amino-4-imino-2-thiazoline-hydrochloride','2-AMINO-4-IMINO-2-THIAZOLINE HYDROCHLORIDE',22),(61,'#2-amino-5-7-chloroquinolin-4-yl-thio-1-3-4-thiadazole',NULL,'Aluminium Chlorohydrate',NULL,NULL,'2-amino-5-7-chloroquinolin-4-yl-thio-1-3-4-thiadazole','2-Amino-5-7-Chloroquinolin-4-yl Thio-1,3,4-Thiadazole',22),(62,'#4-amino-6-mercaptopyrazolo-3-4-d-pyrimidine',NULL,'Aluminium Chlorohydrate',NULL,NULL,'4-amino-6-mercaptopyrazolo-3-4-d-pyrimidine','4-Amino-6-Mercaptopyrazolo-3,4-D-Pyrimidine',22),(63,'#copper-phthalocyanine-3-4-4-4-tetrasulfonic-acid-tetrasodium-salt',NULL,'Food Chemical',NULL,NULL,'copper-phthalocyanine-3-4-4-4-tetrasulfonic-acid-tetrasodium-salt','Copper Phthalocyanine-3,4,4,4-Tetrasulfonic Acid Tetrasodium Salt',23),(64,'#2-amino-2-2-methoxyphenyl-acetic-acid',NULL,'Food Chemical',NULL,NULL,'2-amino-2-2-methoxyphenyl-acetic-acid','2-AMINO-2-(2-METHOXYPHENYL)ACETIC ACID',23),(65,'#2-acetyl-5-5-dimethyl-1-3-cyclohexanedione',NULL,'Food Chemical',NULL,NULL,'2-acetyl-5-5-dimethyl-1-3-cyclohexanedione','2-acetyl-5,5-dimethyl-1,3- Cyclohexanedione',23),(66,'#2-aminomethylbenzimidazole-dihydrochloride',NULL,'Benzyl Chlorides',NULL,NULL,'2-aminomethylbenzimidazole-dihydrochloride','2-Aminomethylbenzimidazole Dihydrochloride',24),(67,'#4-benzyloxybutyric-acid',NULL,'Benzyl Chlorides',NULL,NULL,'4-benzyloxybutyric-acid','4-Benzyloxybutyric Acid',24),(68,'#11-bromoundecanoic-acid',NULL,'Benzyl Chlorides',NULL,NULL,'11-bromoundecanoic-acid','11-Bromoundecanoic Acid',24),(69,'#5-amino-3-cyano-1-2-6-dichloro-4-trifluoromethyl-phenyl-pyrazole',NULL,'Porphyrine',NULL,NULL,'5-amino-3-cyano-1-2-6-dichloro-4-trifluoromethyl-phenyl-pyrazole','5-Amino-3-Cyano-1- 2,6-Dichloro-4- Trifluoromethyl Phenyl Pyrazole',25),(70,'#2s-2-amino-2-3-methyl-1-2-4-oxadiazol-5-yl-ethanol-1hydrochloride',NULL,'Porphyrine',NULL,NULL,'2s-2-amino-2-3-methyl-1-2-4-oxadiazol-5-yl-ethanol-1hydrochloride','(2s)-2-Amino-2-(3-Methyl-1,2,4-Oxadiazol-5-Yl)Ethanol, 1hydrochloride',25),(71,'#3-1-1-dimethylethyl-4-methyl-r-s-2-2-dimethyl-3-4-oxazolidine-dicarboxylate',NULL,'Porphyrine',NULL,NULL,'3-1-1-dimethylethyl-4-methyl-r-s-2-2-dimethyl-3-4-oxazolidine-dicarboxylate','3-(1,1-Dimethylethyl)-4-Methyl-(R,S)-2,2-Dimethyl-3,4-Oxazolidine Dicarboxylate',25),(72,'#benzotriazol-1-yloxytripyrrolidinophosphonium-hexafluorophosphate',NULL,'Sweeteners And Polyols',NULL,NULL,'benzotriazol-1-yloxytripyrrolidinophosphonium-hexafluorophosphate','Benzotriazol-1-yloxytripyrrolidinophosphonium Hexafluorophosphate',26),(73,'#benzotriazol-1-yloxytrisdimethylaminophosphonium-hexafluorophosphate',NULL,'Sweeteners And Polyols',NULL,NULL,'benzotriazol-1-yloxytrisdimethylaminophosphonium-hexafluorophosphate','Benzotriazol-1-yloxytrisdimethylaminophosphonium Hexafluorophosphate',26),(74,'#2-acetamido-5-fluorobenzoic-acid',NULL,'Sweeteners And Polyols',NULL,NULL,'2-acetamido-5-fluorobenzoic-acid','2-acetamido-5- Fluorobenzoic Acid',26),(75,'#alginic-acid-sodium',NULL,'Benzene',NULL,NULL,'alginic-acid-sodium','Alginic Acid Sodium',27),(76,'#2-amino-3-hydroxypyridine',NULL,'Benzene',NULL,NULL,'2-amino-3-hydroxypyridine','2-AMINO-3-HYDROXYPYRIDINE',27),(77,'#1-2-aminoethyl-piperidine',NULL,'Benzene',NULL,NULL,'1-2-aminoethyl-piperidine','1-(2-Aminoethyl) Piperidine',27),(78,'#2-chloro-4-methylsulfonyl-aniline',NULL,'Additives And Ingredients',NULL,NULL,'2-chloro-4-methylsulfonyl-aniline','2- Chloro-4-( Methylsulfonyl)aniline',28),(79,'#3-amino-1-4-fluorophenyl-methyl-thiourea',NULL,'Additives And Ingredients',NULL,NULL,'3-amino-1-4-fluorophenyl-methyl-thiourea','3-Amino-1-((4-Fluorophenyl) Methyl)Thiourea',28),(80,'#4-amino-3-5-dichloroacetophenone',NULL,'Additives And Ingredients',NULL,NULL,'4-amino-3-5-dichloroacetophenone','4-Amino-3,5-Dichloroacetophenone',28),(81,'#6-bromo-2-chloro-8-cyclopentyl-5-methyl-pyrido-2-3-d-pyrimidin-7-8h-one',NULL,'Casno',NULL,NULL,'6-bromo-2-chloro-8-cyclopentyl-5-methyl-pyrido-2-3-d-pyrimidin-7-8h-one','6-Bromo-2-Chloro-8-Cyclopentyl-5-Methyl Pyrido[2,3-D]Pyrimidin-7(8h)-One',29),(82,'#4-4-6-dimethoxy-1-3-5-triazin-2-yl-4-methylmorpholinium-chloride',NULL,'Casno',NULL,NULL,'4-4-6-dimethoxy-1-3-5-triazin-2-yl-4-methylmorpholinium-chloride','4,4,6-Dimethoxy-1,3,5-Triazin-2-Yl-4-Methylmorpholinium Chloride',29),(83,'#2-chloromethylquinoline-monohydrochloride',NULL,'Pharmaceuticals Tablet',NULL,NULL,'2-chloromethylquinoline-monohydrochloride','2- Chloromethylquinoline Monohydrochloride',30),(84,'#5-bromovanillin',NULL,'Pharmaceuticals Tablet',NULL,NULL,'5-bromovanillin','5-Bromovanillin',30),(85,'#n-acetylmuramyl-l-alanyl-d-isoglutamine-hydrate',NULL,'Moisture Absorber',NULL,NULL,'n-acetylmuramyl-l-alanyl-d-isoglutamine-hydrate','N-acetylmuramyl-l-alanyl-d- Isoglutamine Hydrate',31),(86,'#4-amino-3-5-dichlorobenzonitrile',NULL,'Moisture Absorber',NULL,NULL,'4-amino-3-5-dichlorobenzonitrile','4-Amino-3,5-Dichlorobenzonitrile',31),(87,'#bismuth-hydroxide',NULL,'Moisture Absorber',NULL,NULL,'bismuth-hydroxide','Bismuth Hydroxide',31),(88,'#biotin-amidohexanoic-acid-n-hydroxysuccinimide-ester',NULL,'Fluoro Specialities',NULL,NULL,'biotin-amidohexanoic-acid-n-hydroxysuccinimide-ester','BIOTIN AMIDOHEXANOIC ACID-N-HYDROXYSUCCINIMIDE ESTER',32),(89,'#2-bromo-6-methoxyaniline',NULL,'Fluoro Specialities',NULL,NULL,'2-bromo-6-methoxyaniline','2-Bromo-6-Methoxyaniline',32),(90,'#2-bromo-6-fluoronaphthalene',NULL,'Fluoro Specialities',NULL,NULL,'2-bromo-6-fluoronaphthalene','2-bromo-6-fluoronaphthalene',32),(91,'#3-amino-5-mercapto-1-2-4-triazole',NULL,'Indoles',NULL,NULL,'3-amino-5-mercapto-1-2-4-triazole','3-Amino-5-Mercapto-1,2,4-Triazole',33),(92,'#2-amino-4-bromobenzophenone',NULL,'Indoles',NULL,NULL,'2-amino-4-bromobenzophenone','2-Amino-4-Bromobenzophenone',33),(93,'#n-acetyl-l-glutamine',NULL,'Indoles',NULL,NULL,'n-acetyl-l-glutamine','N-Acetyl-L-Glutamine',33),(94,'#trans-4-aminocyclohexanecarboxylic-acid',NULL,'Isonitrile Derivatives',NULL,NULL,'trans-4-aminocyclohexanecarboxylic-acid','Trans-4-Aminocyclohexanecarboxylic Acid',34),(95,'#3-aminopyridine-4-carboxylic-acid',NULL,'Isonitrile Derivatives',NULL,NULL,'3-aminopyridine-4-carboxylic-acid','3-AMINOPYRIDINE-4-CARBOXYLIC ACID',34),(96,'#benzene-sulfonic-acid',NULL,'Isonitrile Derivatives',NULL,NULL,'benzene-sulfonic-acid','BENZENE SULFONIC ACID',34),(97,'#adipic-acid-nitrile',NULL,'Chemical Powder',NULL,NULL,'adipic-acid-nitrile','Adipic Acid Nitrile',35),(98,'#adenylosuccinic-acid-sodium',NULL,'Chemical Powder',NULL,NULL,'adenylosuccinic-acid-sodium','Adenylosuccinic Acid Sodium',35),(99,'#copper-ii-chloride-anhydrous',NULL,'Chemical Powder',NULL,NULL,'copper-ii-chloride-anhydrous','Copper (ii) Chloride Anhydrous',35),(100,'#anti-mouse-igg-whole-molecule-biotin-antibody-produced-in-rabbit',NULL,'Pharmaceutical Injection',NULL,NULL,'anti-mouse-igg-whole-molecule-biotin-antibody-produced-in-rabbit','Anti-Mouse IgG (Whole Molecule)-Biotin, Antibody Produced In Rabbit',36),(101,'#glycine-methyl-ester-hydrochloride-5680-79-5',NULL,'Pharmaceutical Injection',NULL,NULL,'glycine-methyl-ester-hydrochloride-5680-79-5','Glycine Methyl Ester Hydrochloride   5680-79-5',36),(102,'#ddgtp-trilithium-salt',NULL,'Pharmaceutical Injection',NULL,NULL,'ddgtp-trilithium-salt','DDGTP Trilithium Salt',36),(103,'#n-2-acetylguanine',NULL,'Tricyclic Derivatives',NULL,NULL,'n-2-acetylguanine','N-2-Acetylguanine',37),(104,'#s-2-aminoheptane',NULL,'Tricyclic Derivatives',NULL,NULL,'s-2-aminoheptane','S - +-2-Aminoheptane',37),(105,'#adenylyl-cyclase',NULL,'Tricyclic Derivatives',NULL,NULL,'adenylyl-cyclase','Adenylyl Cyclase',37),(106,'#copper-trifluoromethanesulfonate-toluene-complex',NULL,'Pharmaceutical Chemicals',NULL,NULL,'copper-trifluoromethanesulfonate-toluene-complex','Copper Trifluoromethanesulfonate Toluene Complex',38),(107,'#4-amino-6-methoxy-2-methylquinoline',NULL,'Pharmaceutical Chemicals',NULL,NULL,'4-amino-6-methoxy-2-methylquinoline','4-Amino-6-Methoxy-2-Methylquinoline',38),(108,'#acetic-hydrazide',NULL,'Pharmaceutical Chemicals',NULL,NULL,'acetic-hydrazide','Acetic Hydrazide',38),(109,'#z-2-2-aminothiazole-4-yl-2-tert-butoxycarbonylmethoxyimino-acetic-acid',NULL,'Active Pharmaceutical Ingredients',NULL,NULL,'z-2-2-aminothiazole-4-yl-2-tert-butoxycarbonylmethoxyimino-acetic-acid','(Z)-2-(2-Aminothiazole-4-yl)-2-(Tert-Butoxycarbonylmethoxyimino)Acetic Acid',39),(110,'#cefpirome-sulfate-cef4',NULL,'Active Pharmaceutical Ingredients',NULL,NULL,'cefpirome-sulfate-cef4','Cefpirome Sulfate (CEF4)',39),(111,'#3-bromoacetophenone',NULL,'Active Pharmaceutical Ingredients',NULL,NULL,'3-bromoacetophenone','3-BROMOACETOPHENONE',39),(112,'#acetone-dicarboxylic-acid-dimethyl-ester',NULL,'Chlorine Dioxide',NULL,NULL,'acetone-dicarboxylic-acid-dimethyl-ester','Acetone Dicarboxylic Acid Dimethyl Ester',40),(113,'#adenosine-5-b-thiodiphosphate-lithium-salt',NULL,'Chlorine Dioxide',NULL,NULL,'adenosine-5-b-thiodiphosphate-lithium-salt','Adenosine-5-b-thiodiphosphate Lithium Salt',40),(114,'#2-amino-3-5-dibromobenzaldehyde',NULL,'Chlorine Dioxide',NULL,NULL,'2-amino-3-5-dibromobenzaldehyde','2-Amino-3,5-Dibromobenzaldehyde',40),(115,'#1-amino-1-cyclobutane-carboxylic-acid',NULL,'Cyclo Alkanes',NULL,NULL,'1-amino-1-cyclobutane-carboxylic-acid','1-amino-1-Cyclobutane Carboxylic Acid',41),(116,'#dibenzoyl-d-tartaric-acid-monohydrate',NULL,'Cyclo Alkanes',NULL,NULL,'dibenzoyl-d-tartaric-acid-monohydrate','DIBENZOYL-D-TARTARIC ACID MONOHYDRATE',41),(117,'#6-bromo-2-naphthylsulfate-potassium-salt',NULL,'Cyclo Alkanes',NULL,NULL,'6-bromo-2-naphthylsulfate-potassium-salt','6-BROMO-2-NAPHTHYLSULFATE POTASSIUM SALT',41),(118,'#2-aminoquinoline',NULL,'Culture Media',NULL,NULL,'2-aminoquinoline','2-AMINOQUINOLINE',42),(119,'#bromomalonaldehyde',NULL,'Culture Media',NULL,NULL,'bromomalonaldehyde','BROMOMALONALDEHYDE',42),(120,'#6-bromo-3-oxo-3-4-dihydro-2h-1-4-benzoxazine-7-sulfonyl-chloride',NULL,'Pyridines',NULL,NULL,'6-bromo-3-oxo-3-4-dihydro-2h-1-4-benzoxazine-7-sulfonyl-chloride','6-Bromo-3-Oxo-3,4-Dihydro-2h-1,4-Benzoxazine-7-Sulfonyl Chloride',43),(121,'#4-3-4-dichlorophenyl-3-4-dihydro-1-2h-naphthalenone-tetralone',NULL,'Pyridines',NULL,NULL,'4-3-4-dichlorophenyl-3-4-dihydro-1-2h-naphthalenone-tetralone','4-(3,4-Dichlorophenyl) 3,4-Dihydro-1-(2h)-Naphthalenone(Tetralone)',43),(122,'#5-aminopyridine-2-carboxylic-acid',NULL,'Physical Properties Of Pure Product',NULL,NULL,'5-aminopyridine-2-carboxylic-acid','5-AMINOPYRIDINE-2-CARBOXYLIC ACID',44),(123,'#3-o-benzyl-15-16-dehydro-estrone',NULL,'Physical Properties Of Pure Product',NULL,NULL,'3-o-benzyl-15-16-dehydro-estrone','3-O-Benzyl 15,16-Dehydro Estrone',44),(124,'#copper-2-ethylhexanoate',NULL,'Physical Properties Of Pure Product',NULL,NULL,'copper-2-ethylhexanoate','Copper-2-ethylhexanoate',44),(125,'#4-amino-2-3-dihydroindole-1-carboxylic-acid-tert-butyl-ester',NULL,'Chloramine T',NULL,NULL,'4-amino-2-3-dihydroindole-1-carboxylic-acid-tert-butyl-ester','4-Amino-2,3-Dihydroindole-1-Carboxylic Acid-tert-butyl Ester',45),(126,'#4-amino-2-fluorobenzoic-acid',NULL,'Chloramine T',NULL,NULL,'4-amino-2-fluorobenzoic-acid','4-Amino-2-Fluorobenzoic Acid',45),(127,'#2-amino-4-fluorobenzonitrile',NULL,'Chloramine T',NULL,NULL,'2-amino-4-fluorobenzonitrile','2-Amino-4-Fluorobenzonitrile',45),(128,'#boc-d-asn-content-of-l-form-0-036',NULL,'Fertilizer',NULL,NULL,'boc-d-asn-content-of-l-form-0-036','BOC-D-ASN Content Of L-Form: 0.036%',46),(129,'#3-aminophenyl-methanol',NULL,'Fertilizer',NULL,NULL,'3-aminophenyl-methanol','(3-AMINOPHENYL)METHANOL',46),(130,'#r-3-aminoquinuclidine-dihydrochloride',NULL,'Fertilizer',NULL,NULL,'r-3-aminoquinuclidine-dihydrochloride','(R)-(+)-3-Aminoquinuclidine Dihydrochloride',46),(131,'#monobenzyl-phthalate',NULL,'Hexamine',NULL,NULL,'monobenzyl-phthalate','Monobenzyl Phthalate',47),(132,'#a-bromo-2-tolunitrile',NULL,'Hexamine',NULL,NULL,'a-bromo-2-tolunitrile','A-Bromo-2-Tolunitrile',47),(133,'#3-amino-2-methoxybenzoic-acid',NULL,'Hexamine',NULL,NULL,'3-amino-2-methoxybenzoic-acid','3-AMINO-2-METHOXYBENZOIC ACID',47),(134,'#4-acetamido-benzaldehyde-thiosemicarbazone',NULL,'Titanates',NULL,NULL,'4-acetamido-benzaldehyde-thiosemicarbazone','4-acetamido Benzaldehyde Thiosemicarbazone',48),(135,'#2-2-aminoethylpyridine',NULL,'Titanates',NULL,NULL,'2-2-aminoethylpyridine','2,2-Aminoethylpyridine',48),(136,'#benzylbromide',NULL,'Titanates',NULL,NULL,'benzylbromide','Benzylbromide',48),(137,'#3-2-aminoethylpyridine-dihydrobromide',NULL,'Pyridine',NULL,NULL,'3-2-aminoethylpyridine-dihydrobromide','3,2-aminoethylpyridine Dihydrobromide',49),(138,'#2-amino-3-chloro-5-trifluoromethyl-pyridine',NULL,'Pyridine',NULL,NULL,'2-amino-3-chloro-5-trifluoromethyl-pyridine','2-Amino-3-Chloro-5-(Trifluoromethyl)Pyridine',49),(139,'#allura-red-ac',NULL,'Iron Protein Compound',NULL,NULL,'allura-red-ac','Allura Red Ac',50),(140,'#2-acetylcyclohexanone',NULL,'Iron Protein Compound',NULL,NULL,'2-acetylcyclohexanone','2-Acetylcyclohexanone',50),(141,'#2-adamantanol',NULL,'Iron Protein Compound',NULL,NULL,'2-adamantanol','2-adamantanol',50),(142,'#anti-goat-igg-whole-molecule-peroxidase-conjugate',NULL,'Test Kits',NULL,NULL,'anti-goat-igg-whole-molecule-peroxidase-conjugate','ANTI-GOAT IgG(WHOLE MOLECULE) PEROXIDASE CONJUGATE',51),(143,'#anti-rabbit-igg',NULL,'Test Kits',NULL,NULL,'anti-rabbit-igg','Anti Rabbit IGG',51),(144,'#anti-mouse-igg',NULL,'Test Kits',NULL,NULL,'anti-mouse-igg','ANTI MOUSE IGG',51),(145,'#anti-sheep-igg-whole-molecular',NULL,'Rapid Test Antibodies',NULL,NULL,'anti-sheep-igg-whole-molecular','ANTI SHEEP IgG (WHOLE MOLECULAR)',52),(146,'#anti-mouse-igm',NULL,'Rapid Test Antibodies',NULL,NULL,'anti-mouse-igm','ANTI MOUSE IGM',52),(147,'#anti-chicken-igy',NULL,'Rapid Test Antibodies',NULL,NULL,'anti-chicken-igy','ANTI CHICKEN IGY',52),(148,'#calcium-lactobionate',NULL,'Pharmaceutical Capsules',NULL,NULL,'calcium-lactobionate','CALCIUM LACTOBIONATE',53),(149,'#calcium-glycerophosphate',NULL,'Pharmaceutical Capsules',NULL,NULL,'calcium-glycerophosphate','CALCIUM GLYCEROPHOSPHATE',53),(150,'#calcium-orotate',NULL,'Pharmaceutical Capsules',NULL,NULL,'calcium-orotate','CALCIUM OROTATE',53),(151,'#4-amino-3-fluorophenylboronic-acid-pinacol-ester',NULL,'Boronic acids and Pinacol Esters',NULL,NULL,'4-amino-3-fluorophenylboronic-acid-pinacol-ester','4-Amino-3- Fluorophenylboronic Acid Pinacol Ester',54),(152,'#4-amino-2-5-difluorobenzeneboronic-acid-pinacol-ester',NULL,'Boronic acids and Pinacol Esters',NULL,NULL,'4-amino-2-5-difluorobenzeneboronic-acid-pinacol-ester','4-Amino-2-5- Difluorobenzeneboronic Acid Pinacol Ester',54),(153,'#2-amino-5-ethyl-1-3-4-thiadiazole',NULL,'Boronic acids and Pinacol Esters',NULL,NULL,'2-amino-5-ethyl-1-3-4-thiadiazole','2-AMINO-5-ETHYL-1,3,4-  THIADIAZOLE',54),(154,'#cis-2-aminocyclohexanol-hydrochloride',NULL,'Essential Oil',NULL,NULL,'cis-2-aminocyclohexanol-hydrochloride','Cis-2-Aminocyclohexanol Hydrochloride',55),(155,'#cognac-oil',NULL,'Essential Oil',NULL,NULL,'cognac-oil','Cognac Oil',55),(156,'#copaiba-balsam-oil',NULL,'Essential Oil',NULL,NULL,'copaiba-balsam-oil','COPAIBA BALSAM OIL',55),(157,'#carfentrazone-ethyl',NULL,'Solvents & Chemicals',NULL,NULL,'carfentrazone-ethyl','Carfentrazone Ethyl',56),(158,'#2-acetyl-1-methylpyrrole',NULL,'Solvents & Chemicals',NULL,NULL,'2-acetyl-1-methylpyrrole','2-acetyl-1-methylpyrrole',56),(159,'#bromophos-ethyl',NULL,'Solvents & Chemicals',NULL,NULL,'bromophos-ethyl','Bromophos Ethyl',56),(160,'#d-cellobiose',NULL,'Gluconic Acid',NULL,NULL,'d-cellobiose','D-(+)-Cellobiose',57),(161,'#benzhydrylchloride',NULL,'Gluconic Acid',NULL,NULL,'benzhydrylchloride','Benzhydrylchloride',57),(162,'#l-alliin',NULL,'Gluconic Acid',NULL,NULL,'l-alliin','L-Alliin',57),(163,'#3-anilinopropionitrile',NULL,'Agriculture Fungicide',NULL,NULL,'3-anilinopropionitrile','3-ANILINOPROPIONITRILE',58),(164,'#ammonium-alginate',NULL,'Agriculture Fungicide',NULL,NULL,'ammonium-alginate','AMMONIUM ALGINATE',58),(165,'#carbosulfan',NULL,'Agriculture Fungicide',NULL,NULL,'carbosulfan','Carbosulfan',58),(166,'#9-anthracenemethanol',NULL,'Textile Chemicals',NULL,NULL,'9-anthracenemethanol','9-Anthracenemethanol',59),(167,'#2-anilinophenylacetic-acid',NULL,'Textile Chemicals',NULL,NULL,'2-anilinophenylacetic-acid','2-ANILINOPHENYLACETIC ACID',59),(168,'#cobalt-ii-iodide-anhydrous',NULL,'Textile Chemicals',NULL,NULL,'cobalt-ii-iodide-anhydrous','Cobalt (ii) Iodide Anhydrous',59),(169,'#1-aminoindane',NULL,'EDTA',NULL,NULL,'1-aminoindane','1-AMINOINDANE',60),(170,'#n-n-diethylglycine-sodium-salt',NULL,'EDTA',NULL,NULL,'n-n-diethylglycine-sodium-salt','N,N-Diethylglycine Sodium Salt',60),(171,'#cobalt-phthalocyanine',NULL,'EDTA',NULL,NULL,'cobalt-phthalocyanine','COBALT PHTHALOCYANINE',60),(172,'#benzyl-2-bromoacetate',NULL,'Lipid Chemicals',NULL,NULL,'benzyl-2-bromoacetate','Benzyl-2-bromoacetate',61),(173,'#crotonaldehyde',NULL,'Lipid Chemicals',NULL,NULL,'crotonaldehyde','CROTONALDEHYDE',61),(174,'#r-o-acetylmandelic-acid',NULL,'Nitric Acid',NULL,NULL,'r-o-acetylmandelic-acid','R-o-acetylmandelic Acid',62),(175,'#citraconic-acid',NULL,'Nitric Acid',NULL,NULL,'citraconic-acid','CITRACONIC ACID',62),(176,'#dimethylmalonic-acid',NULL,'Industrial Acids',NULL,NULL,'dimethylmalonic-acid','Dimethylmalonic Acid',63),(177,'#citronellic-acid',NULL,'Industrial Acids',NULL,NULL,'citronellic-acid','CITRONELLIC ACID',63),(178,'#3-aminobenzoylmethylamide',NULL,'Bio Pesticide',NULL,NULL,'3-aminobenzoylmethylamide','3-Aminobenzoylmethylamide',64),(179,'#butachlor',NULL,'Bio Pesticide',NULL,NULL,'butachlor','BUTACHLOR',64),(180,'#cinnamon-oil',NULL,'Edible Oils',NULL,NULL,'cinnamon-oil','CINNAMON OIL',65),(181,'#cottonseed-oil',NULL,'Edible Oils',NULL,NULL,'cottonseed-oil','COTTONSEED OIL',65),(182,'#almond-oil',NULL,'Edible Oils',NULL,NULL,'almond-oil','Almond Oil',65),(183,'#calcium-metal-powder',NULL,'Metal Powders',NULL,NULL,'calcium-metal-powder','Calcium Metal Powder',66),(184,'#brass-powder',NULL,'Metal Powders',NULL,NULL,'brass-powder','BRASS POWDER',66),(185,'#acetaldehyde-ammonia-trimer',NULL,'Ammonia',NULL,NULL,'acetaldehyde-ammonia-trimer','Acetaldehyde Ammonia Trimer',67),(186,'#acarbose',NULL,'Api Powder',NULL,NULL,'acarbose','Acarbose',68),(187,'#1-deoxy-1-morpholino-d-fructoside',NULL,'Drug Intermediate',NULL,NULL,'1-deoxy-1-morpholino-d-fructoside','1-Deoxy-1-Morpholino-D-Fructoside',69),(188,'#s-3-aminoquinuclidine-dihydrochloride',NULL,'Anti Histamine',NULL,NULL,'s-3-aminoquinuclidine-dihydrochloride','(S)-(-)-3-Aminoquinuclidine Dihydrochloride',70),(189,'#azo-blue',NULL,'Reactive Dye',NULL,NULL,'azo-blue','AZO BLUE',71),(190,'#cobalt-rod',NULL,'Nickel Alloy Products',NULL,NULL,'cobalt-rod','COBALT ROD',72),(191,'#calcein-am',NULL,'Natural Mineral',NULL,NULL,'calcein-am','Calcein-AM',73),(192,'#n-aminorhodanine',NULL,'Stearic Acid',NULL,NULL,'n-aminorhodanine','N-AMINORHODANINE',74),(193,'#dicyclohexyl-2-4-6-triisopropyl-3-6-dimethoxy-1-1-biphenyl-2yl-phosphane',NULL,'New Items',NULL,NULL,'dicyclohexyl-2-4-6-triisopropyl-3-6-dimethoxy-1-1-biphenyl-2yl-phosphane','Dicyclohexyl(2,4,6-Triisopropyl-3,6-Dimethoxy[1,1-Biphenyl]-2yl)Phosphane',75),(194,'#bis-pentafluorophenyl-carbonate',NULL,'New Items',NULL,NULL,'bis-pentafluorophenyl-carbonate','BIS (Pentafluorophenyl) Carbonate',75),(195,'#bis-nitrophenyl-carbonate',NULL,'New Items',NULL,NULL,'bis-nitrophenyl-carbonate','Bis (nitrophenyl) Carbonate',75);
/*!40000 ALTER TABLE `products` ENABLE KEYS */;
UNLOCK TABLES;
/*!40103 SET TIME_ZONE=@OLD_TIME_ZONE */;

/*!40101 SET SQL_MODE=@OLD_SQL_MODE */;
/*!40014 SET FOREIGN_KEY_CHECKS=@OLD_FOREIGN_KEY_CHECKS */;
/*!40014 SET UNIQUE_CHECKS=@OLD_UNIQUE_CHECKS */;
/*!40101 SET CHARACTER_SET_CLIENT=@OLD_CHARACTER_SET_CLIENT */;
/*!40101 SET CHARACTER_SET_RESULTS=@OLD_CHARACTER_SET_RESULTS */;
/*!40101 SET COLLATION_CONNECTION=@OLD_COLLATION_CONNECTION */;
/*!40111 SET SQL_NOTES=@OLD_SQL_NOTES */;

-- Dump completed on 2025-12-08  9:47:23
